protocol,seed,originated,delivered,resolved,unresolved,unresolved_share,completion_rate,delivered_per_originated,stall_rate,delivered_per_slot_used,ceiling_utilisation,satellite,dropped_loop,dropped_ttl,blocked,stall_no_belief,belief_hops_mean,delivered_hops_mean,gossip_redundant_share,mpr_share
proactive,0,2376,1608,1931,445,0.18728956228956228,0.8327291558777835,0.6767676767676768,0.14615662215806569,0.13592561284868976,0.17195654033706903,263,58,2,734,1250,6.5117873981997425,4.208955223880597,,
proactive,1,2384,1298,1802,582,0.24412751677852348,0.7203107658157603,0.5444630872483222,0.20453622207176714,0.11047748744574007,0.14405575779099708,425,79,0,1810,1163,6.916563190224498,4.197996918335901,,
proactive,2,2383,1185,1782,601,0.2522031053294167,0.664983164983165,0.49727234578262697,0.20397848765632087,0.09645909645909646,0.15012161751292186,515,77,5,1821,1273,7.610765792312055,4.110548523206751,,
proactive,3,2369,1199,1777,592,0.24989447024060785,0.674732695554305,0.5061207260447447,0.1924055857467153,0.10212947189097103,0.14332504542411784,501,75,2,1954,785,7.439155411331345,4.28023352793995,,
proactive,4,2376,1343,1799,577,0.24284511784511784,0.7465258476931629,0.5652356902356902,0.16210045662100458,0.11089092560482207,0.1729065815222989,379,77,0,1727,587,6.918760652012411,4.178704393149665,,
proactive,5,2383,1124,1794,589,0.24716743600503566,0.6265328874024526,0.4716743600503567,0.20385564672136613,0.0941767909509845,0.12153979238754327,589,80,1,2252,761,8.01032108828551,3.9626334519572954,,
proactive,6,2378,1462,1871,507,0.21320437342304457,0.7814003206841261,0.6148023549201009,0.13858971753708593,0.11496422112133364,0.19957409631975537,319,90,0,1267,734,7.0019282516096,4.728454172366621,,
proactive,7,2384,1032,1763,621,0.26048657718120805,0.5853658536585366,0.43288590604026844,0.14773793880232777,0.07577092511013216,0.14591109602986088,598,131,2,1493,822,8.733646716101696,4.770348837209302,,
proactive,8,2379,1157,1757,622,0.2614543926019336,0.6585088218554354,0.48633879781420764,0.17174908129714395,0.09005993617186892,0.2702260837070254,505,95,0,1884,725,7.617442687530777,4.742437337942956,,
proactive,9,2380,1237,1805,575,0.2415966386554622,0.6853185595567867,0.5197478991596639,0.20588620870477192,0.10210482872472142,0.15082422941865004,499,67,2,1982,1090,7.216174644854371,4.145513338722716,,
proactive,10,2389,1424,1881,508,0.21264127249895354,0.7570441254651781,0.5960652992884052,0.11689059500959698,0.10316597841049047,0.24722222222222223,333,118,6,950,837,7.9367560099475,4.962780898876405,,
proactive,11,2387,1071,1723,664,0.27817343946376205,0.6215902495647128,0.44868035190615835,0.1392859352762824,0.07699496764917325,0.15610424440298507,535,115,2,1545,674,8.454389230989547,4.636788048552755,,
proactive,12,2381,1102,1734,647,0.27173456530869383,0.635524798154556,0.4628307433851323,0.18042697902890614,0.08467803903488551,0.20522943980929675,565,67,0,1934,896,8.06049303701088,4.492740471869329,,
proactive,13,2388,1363,1850,538,0.22529313232830822,0.7367567567567568,0.5707705192629816,0.18114864864864866,0.11246802541463817,0.19338819523269016,408,78,1,1462,1182,7.183652285300971,4.374908290535584,,
proactive,14,2375,1347,1882,493,0.20757894736842106,0.7157279489904357,0.5671578947368421,0.1731288840853823,0.11004002940936199,0.17299393814856673,447,87,1,1526,998,7.5483401506047345,4.016332590942836,,
proactive,15,2382,1178,1805,577,0.24223341729638959,0.6526315789473685,0.4945424013434089,0.1928927680798005,0.09099335702147382,0.17872314601286562,540,86,1,1990,1061,8.11052084025057,4.438030560271647,,
proactive,16,2385,1387,1839,546,0.2289308176100629,0.7542142468733007,0.5815513626834381,0.21197225776042017,0.11851661967017005,0.21671875,398,54,0,1762,1346,6.836204711043506,4.366979091564528,,
proactive,17,2385,1211,1777,608,0.2549266247379455,0.6814856499718627,0.5077568134171908,0.1969161580469001,0.09688,0.1899786646586345,487,79,0,2031,978,7.521739607326972,4.500412881915772,,
proactive,18,2389,1176,1754,635,0.2658015906236919,0.6704675028506272,0.49225617413143574,0.26381515444015446,0.09636974514463656,0.1814814814814815,513,65,0,2383,1946,7.740299917876951,4.634353741496598,,
proactive,19,2368,983,1715,653,0.27576013513513514,0.5731778425655977,0.41511824324324326,0.2209777889636947,0.07939584847750586,0.17588748926424277,655,77,0,2782,705,8.058311785072533,4.653102746693794,,
reactive,0,2378,1197,1833,545,0.22918418839360807,0.6530278232405892,0.5033641715727503,0.70721957662762,0.14211088685741421,0.12800496193001967,505,131,0,20,20258,5.357460176429523,4.0852130325814535,,
reactive,1,2384,1017,1783,601,0.2520973154362416,0.5703869882220975,0.4265939597315436,0.7362031629372006,0.12649253731343282,0.11286957293793838,617,149,0,35,22336,5.750573558933181,4.015732546705998,,
reactive,2,2380,900,1713,667,0.28025210084033614,0.5253940455341506,0.37815126050420167,0.7778225306729458,0.1255055082973086,0.11401641836424443,714,99,0,99,24944,5.7510343149184715,3.9166666666666665,,
reactive,3,2372,944,1758,614,0.2588532883642496,0.5369738339021616,0.3979763912310287,0.7600760456273764,0.12466983623877444,0.11284307162666157,669,145,0,36,23885,5.838457175269427,3.9788135593220337,,
reactive,4,2377,1017,1755,622,0.26167437946992006,0.5794871794871795,0.4278502313840976,0.747774385344689,0.12958715596330275,0.13093521474920178,609,129,0,70,23125,5.661790266512167,4.137659783677483,,
reactive,5,2381,874,1717,664,0.27887442251154976,0.5090273733255678,0.3670726585468291,0.7948139109212935,0.12994350282485875,0.09450692041522493,725,118,0,48,25894,5.702113821138211,3.807780320366133,,
reactive,6,2385,1001,1785,600,0.25157232704402516,0.5607843137254902,0.41970649895178197,0.7301684631769185,0.119722521229518,0.1366440974118161,627,157,0,65,22436,5.943455911427442,4.197802197802198,,
reactive,7,2385,736,1707,678,0.2842767295597484,0.4311657879320445,0.30859538784067087,0.8224368295426486,0.11372064276885044,0.1040606266259473,824,147,0,36,29826,6.041281809613572,4.190217391304348,,
reactive,8,2382,795,1663,719,0.30184718723761544,0.47805171377029465,0.3337531486146096,0.7765046435894343,0.1072584997301673,0.18567825112107622,737,131,0,57,25572,6.265231467855191,4.2779874213836475,,
reactive,9,2375,952,1743,632,0.26610526315789473,0.5461847389558233,0.4008421052631579,0.7611210946120621,0.12564339448330475,0.11607491221225127,683,108,0,136,23928,5.626690540592023,3.9884453781512605,,
reactive,10,2388,924,1781,607,0.25418760469011725,0.5188096574957889,0.3869346733668342,0.7692794312567779,0.12064238151194673,0.16041666666666668,713,144,0,30,25395,6.035828584809929,4.162337662337662,,
reactive,11,2390,763,1654,736,0.3079497907949791,0.46130592503022977,0.3192468619246862,0.8048208618076802,0.11177849399355405,0.11121152052238806,770,121,0,77,27948,6.054363628353672,4.255570117955439,,
reactive,12,2382,839,1692,690,0.28967254408060455,0.4958628841607565,0.3522250209907641,0.7702739191743422,0.10957293979365286,0.15625,713,140,0,80,25493,6.490345487911912,4.283671036948748,,
reactive,13,2382,957,1759,623,0.26154492023509657,0.5440591245025582,0.4017632241813602,0.7450297257559292,0.11996991350131628,0.13578320090805904,657,145,0,79,23148,5.971267163006472,4.122257053291536,,
reactive,14,2378,1038,1785,593,0.24936921783010935,0.5815126050420169,0.43650126156433977,0.7522888124147783,0.13604193971166448,0.13330935990958595,614,133,0,75,22983,5.6763658597993025,4.031791907514451,,
reactive,15,2387,884,1720,667,0.2794302471721827,0.513953488372093,0.37033933808127356,0.7922138563007062,0.12415730337078652,0.13411821823036774,738,98,0,71,27010,5.803411929052195,4.167420814479638,,
reactive,16,2383,1000,1774,609,0.2555602182123374,0.5636978579481398,0.419639110365086,0.7278403996413475,0.11766090128250382,0.15625,638,136,0,77,22565,5.972495504072781,4.305,,
reactive,17,2388,883,1725,663,0.2776381909547739,0.5118840579710144,0.36976549413735343,0.7512961268679476,0.10827713059472716,0.13852284136546184,694,148,0,71,24490,6.088567591056332,4.217440543601359,,
reactive,18,2386,811,1713,673,0.2820620284995809,0.47343841214244015,0.33989941324392287,0.7934684356320163,0.11449950585909925,0.1251543209876543,776,126,0,67,27070,5.968755424405485,3.950678175092478,,
reactive,19,2379,754,1699,680,0.2858343841950399,0.44379046497939967,0.31693989071038253,0.7982666474071934,0.10797651439209509,0.1349126825078729,822,123,0,131,27443,6.26155415594784,4.2851458885941645,,
reactive+overhear,0,2378,1315,1964,414,0.1740958788898234,0.6695519348268839,0.5529857022708158,0.477930413241752,0.14180955462094252,0.1406236632731628,188,461,0,227,8200,6.051192738019844,3.618250950570342,,
reactive+overhear,1,2384,1077,1936,448,0.18791946308724833,0.556301652892562,0.45176174496644295,0.4205981941309255,0.10489919158468881,0.119528544792684,185,674,0,359,6988,7.227487742559216,3.737233054781801,,
reactive+overhear,2,2380,956,1906,474,0.1991596638655462,0.5015739769150053,0.4016806722689076,0.49215614739146296,0.09811165845648605,0.12111077328468632,268,682,0,560,8795,7.593283100900868,3.687238493723849,,
reactive+overhear,3,2372,981,1929,443,0.18676222596964587,0.5085536547433903,0.41357504215851604,0.46731780616078133,0.09883135200483578,0.11726594625609642,211,737,0,210,8364,7.709848877694644,3.7716615698267075,,
reactive+overhear,4,2377,1054,1939,438,0.18426588136306268,0.5435791645177926,0.44341607067732436,0.4247541076809369,0.1041707847400672,0.13569883613142444,206,679,0,409,6943,7.105914415329406,3.7058823529411766,,
reactive+overhear,5,2381,950,1918,463,0.19445611087778245,0.49530761209593327,0.3989920201595968,0.527133346782328,0.10132252559726962,0.1027249134948097,257,711,0,314,10046,7.824535745213124,3.5,,
reactive+overhear,6,2384,1133,1970,414,0.17365771812080538,0.5751269035532995,0.475251677852349,0.4095425203480213,0.10770985835155433,0.1546630992683193,176,661,0,354,6767,7.102561066377969,4.0767872903795235,,
reactive+overhear,7,2384,808,1915,469,0.1967281879194631,0.42193211488250654,0.3389261744966443,0.5402549400559162,0.08328179756751185,0.11424047053500737,299,808,0,153,11146,8.731406240307674,3.9381188118811883,,
reactive+overhear,8,2382,882,1882,500,0.20990764063811923,0.46865037194473963,0.3702770780856423,0.469082377476538,0.0866149464794265,0.20599775784753363,238,762,0,519,8294,7.60853315571344,4.034013605442177,,
reactive+overhear,9,2375,1080,1925,450,0.18947368421052632,0.561038961038961,0.45473684210526316,0.4526426243994035,0.10896983150035314,0.13168162309793213,218,627,0,430,7675,6.924849751763784,3.748148148148148,,
reactive+overhear,10,2388,1090,2011,377,0.15787269681742044,0.5420188960716061,0.4564489112227806,0.4770461154964686,0.10824230387288977,0.1892361111111111,197,724,0,172,8919,7.521771122679862,4.011926605504587,,
reactive+overhear,11,2389,891,1895,494,0.20678107994976977,0.47018469656992085,0.3729593972373378,0.5041145080045883,0.08961078145428945,0.1298682369402985,250,754,0,368,9617,8.142865320764798,4.007856341189674,,
reactive+overhear,12,2382,927,1877,505,0.21200671704450041,0.4938732019179542,0.3891687657430731,0.5143024504539686,0.09316582914572864,0.17263855780691298,297,653,0,442,9985,7.640046877615938,4.195253505933118,,
reactive+overhear,13,2382,1122,1965,417,0.17506297229219145,0.5709923664122137,0.47103274559193953,0.4382412975119987,0.11018363939899833,0.1591940976163451,164,679,0,268,7585,7.334770367763505,3.9590017825311943,,
reactive+overhear,14,2378,1068,1933,445,0.18713204373423045,0.5525090532850492,0.44911690496215306,0.48424794011524586,0.1115171765688629,0.1371622315832734,239,626,0,281,8582,7.065508649019537,3.609550561797753,,
reactive+overhear,15,2387,955,1869,518,0.21700879765395895,0.5109684323167469,0.40008378718056137,0.5312408759124088,0.09913837849060521,0.14489015657239956,314,600,0,453,10373,7.381552331965555,3.9528795811518322,,
reactive+overhear,16,2383,1147,1965,418,0.17540914813260597,0.5837150127226464,0.4813260595887537,0.4546575195626541,0.11272727272727273,0.17921875,218,600,0,377,7997,6.674816333504186,4.151700087183958,,
reactive+overhear,17,2387,955,1924,463,0.19396732299958105,0.49636174636174635,0.40008378718056137,0.48546201857208093,0.09418145956607495,0.1498180220883534,292,677,0,501,9028,7.374376433747224,3.825130890052356,,
reactive+overhear,18,2387,923,1923,464,0.19438625890238795,0.4799791991679667,0.38667783829074154,0.5258637236084454,0.0934115980163951,0.14243827160493827,290,710,0,409,10443,7.5005002452182445,3.9891657638136513,,
reactive+overhear,19,2378,832,1898,480,0.20185029436501262,0.4383561643835616,0.34987384356602186,0.5152261752242042,0.08457003455986989,0.14886916690523905,314,752,0,327,10066,8.065129474256052,4.069711538461538,,
reactive+ring,0,2378,1185,1806,572,0.24053826745164003,0.6561461794019934,0.49831791421362487,0.8121838305178282,0.19343780607247796,0.1267217041663102,607,14,0,28,26410,3.9558545415248285,3.0767932489451475,,
reactive+ring,1,2384,938,1740,644,0.2701342281879195,0.539080459770115,0.3934563758389262,0.8350329267276112,0.15799225197911404,0.10410192666252331,776,26,0,53,29973,4.387035385072852,3.1759061833688698,,
reactive+ring,2,2380,843,1677,703,0.2953781512605042,0.5026833631484794,0.3542016806722689,0.8527977518803207,0.15777653003930375,0.10679537853450896,815,19,0,59,30849,4.413756045137023,3.077105575326216,,
reactive+ring,3,2372,853,1704,668,0.28161888701517707,0.5005868544600939,0.35961214165261385,0.86126262353513,0.16601790579992215,0.10196519078129483,827,24,0,37,31818,4.367086900829232,3.0691676436107853,,
reactive+ring,4,2377,943,1694,683,0.2873369793857804,0.5566706021251476,0.39671855279764406,0.8307701185907609,0.1607843137254902,0.12140797198475642,723,28,0,80,28665,4.268980213089802,3.1505832449628843,,
reactive+ring,5,2381,816,1685,696,0.29231415371692565,0.48427299703264093,0.3427131457370853,0.8741630767633778,0.16828212002474738,0.08823529411764706,859,10,0,54,33551,4.2078922040423485,3.0404411764705883,,
reactive+ring,6,2385,955,1755,630,0.2641509433962264,0.5441595441595442,0.40041928721174,0.81200355575947,0.14566809029896277,0.13036474828000438,748,52,0,134,28099,4.700129789515264,3.3675392670157067,,
reactive+ring,7,2385,723,1683,702,0.2943396226415094,0.4295900178253119,0.3031446540880503,0.8742158962085905,0.14480272381333867,0.10222259925347812,923,37,0,23,34632,4.817193824014391,3.3817427385892116,,
reactive+ring,8,2381,714,1630,751,0.31541369172616546,0.43803680981595094,0.2998740025199496,0.8646969006991508,0.14135814690160364,0.16676008968609865,892,24,0,142,32036,4.687093916125222,3.044817927170868,,
reactive+ring,9,2375,914,1724,651,0.27410526315789474,0.5301624129930395,0.3848421052631579,0.8389237111073465,0.16021034180543384,0.11144166991806478,783,27,0,123,29507,4.342803854522847,3.050328227571116,,
reactive+ring,10,2388,918,1749,639,0.2675879396984925,0.5248713550600344,0.3844221105527638,0.8484528832630098,0.16384079957165804,0.159375,809,22,0,36,31266,4.636851754845469,3.406318082788671,,
reactive+ring,11,2390,724,1626,764,0.3196652719665272,0.44526445264452646,0.302928870292887,0.8624911144459364,0.13861765269002488,0.10552705223880597,881,21,0,113,32535,4.72997679488081,3.153314917127072,,
reactive+ring,12,2382,769,1683,699,0.29345088161209065,0.45692216280451575,0.3228379513014274,0.8530662606321537,0.1373950330534215,0.14321364719904647,877,37,0,95,32331,4.934579439252336,3.377113133940182,,
reactive+ring,13,2382,965,1753,629,0.26406381192275397,0.5504848830576156,0.4051217464315701,0.8371456500488759,0.16549476933630594,0.13691827468785472,751,37,0,32,29910,4.5070096382525975,3.3471502590673574,,
reactive+ring,14,2377,959,1734,643,0.27050904501472445,0.5530565167243368,0.4034497265460665,0.8430970680330202,0.17398403483309144,0.12316346450220897,735,40,0,55,29492,4.215450965685355,3.0281543274244003,,
reactive+ring,15,2386,792,1699,687,0.287929589270746,0.46615656268393174,0.3319362950544845,0.8631598022211292,0.14982973893303064,0.12016021361815753,884,23,0,91,33193,4.511845039018952,3.297979797979798,,
reactive+ring,16,2383,982,1746,637,0.26731011330255977,0.5624284077892325,0.4120856063785145,0.8207334152685283,0.15656887755102042,0.1534375,726,38,0,60,28569,4.53517884547279,3.420570264765784,,
reactive+ring,17,2388,792,1674,714,0.2989949748743719,0.4731182795698925,0.3316582914572864,0.8555928561836981,0.14729403012832434,0.12424698795180722,845,37,0,73,31714,4.641344097150348,3.0972222222222223,,
reactive+ring,18,2387,763,1688,699,0.2928361960620025,0.45201421800947866,0.3196480938416422,0.8690257709308036,0.15058219853956978,0.11774691358024691,902,23,0,108,33443,4.575718015665796,3.1730013106159896,,
reactive+ring,19,2378,712,1650,728,0.30613961312026916,0.4315151515151515,0.2994112699747687,0.8712011208763215,0.14082278481012658,0.12739765244775264,915,23,0,95,34088,4.747172982885085,3.4058988764044944,,
reactive+overhear+ring,0,2377,1231,1844,533,0.22423222549432056,0.6675704989154013,0.5178796802692469,0.712869241892171,0.17712230215827338,0.1316408589271965,462,151,0,181,17018,4.432977967306326,2.960194963444354,,
reactive+overhear+ring,1,2384,963,1798,586,0.24580536912751677,0.53559510567297,0.4039429530201342,0.7325285654633109,0.13667328980982119,0.10687649826866732,643,192,0,221,19032,4.959130596321754,3.0207684319833854,,
reactive+overhear+ring,2,2380,866,1757,623,0.26176470588235295,0.4928856004553216,0.3638655462184874,0.7677523843800612,0.13420114675344802,0.10970913144826187,686,205,0,251,21035,5.355565507975333,2.8822170900692843,,
reactive+overhear+ring,3,2372,910,1743,629,0.265177065767285,0.5220883534136547,0.3836424957841484,0.7781358453148239,0.1452513966480447,0.1087788084536674,692,141,0,91,21854,4.851558297170318,3.0043956043956044,,
reactive+overhear+ring,4,2376,973,1771,605,0.25462962962962965,0.549407114624506,0.4095117845117845,0.7132023718284861,0.1368495077355837,0.1252703677000721,601,197,0,524,17110,4.972397845685517,3.013360739979445,,
reactive+overhear+ring,5,2380,847,1755,625,0.26260504201680673,0.4826210826210826,0.3558823529411765,0.7910851122058018,0.1386933027673162,0.09158737024221456,723,185,0,289,22788,5.12214447417164,2.8665879574970483,,
reactive+overhear+ring,6,2384,962,1778,606,0.25419463087248323,0.5410573678290214,0.4035234899328859,0.7386885858397161,0.137546468401487,0.1313203014087583,629,187,0,320,19369,4.941589314014037,3.029106029106029,,
reactive+overhear+ring,7,2384,720,1740,644,0.2701342281879195,0.41379310344827586,0.30201342281879195,0.8255896408201018,0.1272759413116493,0.10179843909060061,848,172,0,184,26539,5.516854868952873,3.126388888888889,,
reactive+overhear+ring,8,2381,793,1679,702,0.29483410331793364,0.4723049434187016,0.3330533389332213,0.7671739286483382,0.12224448897795591,0.18521113602391628,723,163,0,327,20930,5.221844238563984,3.112232030264817,,
reactive+overhear+ring,9,2375,963,1801,574,0.24168421052631578,0.5347029428095502,0.4054736842105263,0.7539603042107216,0.14520506634499397,0.11741611392898949,644,194,0,279,19956,4.834051724137931,3.0446521287642785,,
reactive+overhear+ring,10,2388,962,1814,574,0.2403685092127303,0.5303197353914002,0.4028475711892797,0.7765220687041312,0.14831945729263027,0.16701388888888888,679,173,0,184,22288,4.927843655457802,3.1943866943866945,,
reactive+overhear+ring,11,2389,744,1671,718,0.3005441607367099,0.4452423698384201,0.3114273754709083,0.8093048855505552,0.12631578947368421,0.10844216417910447,752,175,0,256,24628,5.039425416071359,3.0631720430107525,,
reactive+overhear+ring,12,2381,768,1779,602,0.252834943301134,0.4317032040472175,0.32255354892902144,0.7760610013043042,0.11469534050179211,0.14302741358760426,752,259,0,519,22603,5.7134350576851505,3.1458333333333335,,
reactive+overhear+ring,13,2382,946,1784,598,0.2510495382031906,0.5302690582959642,0.3971452560873216,0.7466413605745972,0.1389541715628672,0.13422247446083999,669,169,0,362,19640,5.09100395256917,3.007399577167019,,
reactive+overhear+ring,14,2378,1010,1821,557,0.23423044575273338,0.5546403075233388,0.4247266610597141,0.7687867566978872,0.15858062490186842,0.12971334634747764,660,151,0,248,20839,4.7331536388140165,2.9316831683168316,,
reactive+overhear+ring,15,2386,826,1744,642,0.26906957250628666,0.4736238532110092,0.3461860854987427,0.7865069698200027,0.13090332805071314,0.12531860662701783,752,166,0,443,22734,5.155636186023794,3.095641646489104,,
reactive+overhear+ring,16,2382,947,1772,610,0.25608732157850544,0.5344243792325056,0.3975650713685978,0.7398367979913598,0.13440249787113256,0.14796875,663,162,0,603,19340,4.9564649807219405,3.1098204857444562,,
reactive+overhear+ring,17,2388,850,1759,629,0.26340033500837523,0.4832291074474133,0.3559463986599665,0.7801054384017758,0.13406940063091483,0.13334588353413654,722,187,0,233,22216,5.054376517791152,3.0647058823529414,,
reactive+overhear+ring,18,2387,801,1754,633,0.26518642647674906,0.4566704675028506,0.3355676581483033,0.7714019851116625,0.12075983717774763,0.12361111111111112,762,191,0,388,21904,5.442654061141398,3.024968789013733,,
reactive+overhear+ring,19,2378,703,1752,626,0.26324642556770395,0.4012557077625571,0.2956265769554247,0.775651822407869,0.10555555555555556,0.12578728886344118,784,265,0,300,22692,5.865694969467868,3.2147937411095304,,
linkstate-lsa2,0,2378,826,1748,630,0.2649285113540791,0.47254004576659037,0.3473507148864592,0.9427650141072148,0.363556338028169,0.08833090940200188,922,0,0,0,37424,2.635755114320096,1.8849878934624698,0.31337920933434027,1
linkstate-lsa2,1,2384,676,1689,695,0.2915268456375839,0.40023682652457077,0.2835570469798658,0.9552074493704272,0.34613415258576546,0.07502441623013406,1013,0,0,0,41648,2.6494794975807636,1.9896449704142012,0.3125187290732378,1
linkstate-lsa2,2,2380,651,1676,704,0.2957983193277311,0.3884248210023866,0.2735294117647059,0.9550120214536711,0.3345323741007194,0.08247187595013682,1025,0,0,0,41310,2.729437786122113,2.06605222734255,0.3194869834769885,1
linkstate-lsa2,3,2372,629,1678,694,0.2925801011804384,0.37485101311084623,0.265177065767285,0.9592159559834939,0.35356942102304667,0.07518886870039208,1049,0,0,0,41841,2.6524300441826214,1.9395866454689985,0.3108052006783493,1
linkstate-lsa2,4,2377,711,1695,682,0.286916281026504,0.4194690265486726,0.2991165334455196,0.9501723893638124,0.33696682464454975,0.09153877845298178,983,1,0,6,40230,2.735233931727281,2.071729957805907,0.3118491473911609,1
linkstate-lsa2,5,2381,606,1658,723,0.3036539269214616,0.36550060313630883,0.25451490970180596,0.9612585326160662,0.35355892648774795,0.06552768166089966,1052,0,0,0,42528,2.611655085281112,1.933993399339934,0.31691376701966717,1
linkstate-lsa2,6,2385,657,1706,679,0.2846960167714885,0.3851113716295428,0.27547169811320754,0.9560367305294184,0.33883445074780816,0.08968548651305012,1047,2,0,5,42161,2.6872372450303628,2.0441400304414,0.3088128316790577,1
linkstate-lsa2,7,2385,485,1653,732,0.3069182389937107,0.29340592861464004,0.20335429769392033,0.9696134353993935,0.33845080251221216,0.06857255966519625,1167,1,0,0,45726,2.667717697571448,2.0123711340206185,0.3059027653199313,1
linkstate-lsa2,8,2382,525,1592,790,0.3316540722082284,0.3297738693467337,0.22040302267002518,0.966754582326736,0.35,0.12261771300448429,1067,0,0,0,43619,2.714294647323662,1.9961904761904763,0.30955052955485607,1
linkstate-lsa2,9,2375,621,1671,704,0.296421052631579,0.37163375224416517,0.2614736842105263,0.9614752976597782,0.36767317939609234,0.07571693328131097,1050,0,0,0,42153,2.6033742929588453,1.8599033816425121,0.3171257917513578,1
linkstate-lsa2,10,2388,650,1724,664,0.2780569514237856,0.37703016241299303,0.2721943048576214,0.9580312857687905,0.34759358288770054,0.11284722222222222,1074,0,0,0,42687,2.7588150056351632,2.066153846153846,0.31226093476717104,1
linkstate-lsa2,11,2390,527,1628,762,0.3188284518828452,0.3237100737100737,0.2205020920502092,0.9666849796725635,0.3476253298153034,0.07681319962686566,1101,0,0,0,43989,2.710369841836128,1.9943074003795067,0.30975303511191465,1
linkstate-lsa2,12,2382,517,1642,740,0.31066330814441645,0.3148599269183922,0.2170445004198153,0.9663123222039227,0.32825396825396824,0.09628277711561381,1125,0,0,4,45174,2.742361574382922,2.102514506769826,0.312466307795746,1
linkstate-lsa2,13,2382,651,1697,685,0.2875734676742233,0.38361814967589863,0.27329974811083124,0.9582122752859996,0.35361216730038025,0.09236662883087401,1046,0,0,0,42215,2.668294871155859,1.9646697388632872,0.3111887782820915,1
linkstate-lsa2,14,2378,716,1717,661,0.27796467619848614,0.41700640652300525,0.3010933557611438,0.951532178100949,0.3487579152459815,0.0919552039453406,1001,0,0,0,40305,2.6969560518731988,2.0181564245810057,0.31101311631501233,1
linkstate-lsa2,15,2387,570,1666,721,0.3020527859237537,0.34213685474189676,0.2387934645999162,0.9628488462305765,0.34009546539379476,0.08647894161912853,1096,0,0,0,43437,2.7060702875399363,2.0526315789473686,0.31876949016942735,1
linkstate-lsa2,16,2383,652,1709,674,0.282836760386068,0.38150965476887067,0.2736046999580361,0.9552934224282922,0.33146924250127097,0.101875,1057,0,0,0,42031,2.733839118686344,2.1165644171779143,0.311190457574257,1
linkstate-lsa2,17,2388,588,1655,733,0.30695142378559465,0.3552870090634441,0.24623115577889448,0.9623963460600417,0.3466981132075472,0.09224397590361445,1067,0,0,0,43406,2.698074239464136,2.0238095238095237,0.3146072806962445,1
linkstate-lsa2,18,2387,556,1673,714,0.2991202346041056,0.3323371189479976,0.23292836196062003,0.9643309874546487,0.34068627450980393,0.08580246913580247,1117,0,0,0,44122,2.6726710659294928,2.014388489208633,0.3116652039133496,1
linkstate-lsa2,19,2379,480,1637,742,0.3118957545187053,0.29321930360415394,0.201765447667087,0.9691575682909215,0.3305785123966942,0.0858860578299456,1157,0,0,0,45626,2.696653165636325,2.0791666666666666,0.3153750291735839,1
linkstate-lsa2-mpr,0,2378,837,1745,633,0.2661900756938604,0.4796561604584527,0.35197645079899076,0.9406745225518082,0.3583047945205479,0.08950722901873555,908,0,0,0,37040,2.6402177560684588,1.902031063321386,0.20171898471497374,0.4702401952757713
linkstate-lsa2-mpr,1,2384,692,1684,700,0.2936241610738255,0.41092636579572445,0.2902684563758389,0.9525899912203687,0.33723196881091616,0.07680014205806623,992,0,0,0,41230,2.6702928068241722,2.041907514450867,0.2030874590508531,0.48449057067918366
linkstate-lsa2-mpr,2,2380,659,1664,716,0.30084033613445377,0.39603365384615385,0.276890756302521,0.9540361094933023,0.3340091231626964,0.08348535522448565,1005,0,0,0,40952,2.7528965342777636,2.08649468892261,0.2117593732928947,0.4541154821945142
linkstate-lsa2-mpr,3,2372,658,1690,682,0.2875210792580101,0.3893491124260355,0.2774030354131535,0.9556495664907836,0.3448637316561845,0.07865544611265182,1032,0,0,0,41113,2.6708038678019914,2,0.19922787197960753,0.4821571873023026
linkstate-lsa2-mpr,4,2377,695,1686,691,0.2907025662599916,0.4122182680901542,0.29238535969709717,0.9526483249110986,0.3433794466403162,0.08947883407148008,991,0,0,2,40718,2.724381130312938,2.0446043165467627,0.20292458263684857,0.4747691178367011
linkstate-lsa2-mpr,5,2381,622,1673,708,0.2973540529189416,0.3717872086072923,0.2612347753044939,0.959847777043502,0.3530079455164586,0.06725778546712803,1051,0,0,0,42121,2.630142629112816,1.9517684887459807,0.2049049831600167,0.4541781020955087
linkstate-lsa2-mpr,6,2385,649,1701,684,0.28679245283018867,0.38154027042915933,0.2721174004192872,0.956662339732641,0.34104046242774566,0.08859342579447417,1050,2,0,0,42008,2.696372198933913,2.032357473035439,0.20842273324234542,0.4999553949774745
linkstate-lsa2-mpr,7,2385,493,1656,729,0.30566037735849055,0.2977053140096618,0.20670859538784067,0.9686139796876334,0.33514615907545886,0.06970365343286959,1163,0,0,0,45397,2.6992901275141317,2.0628803245436105,0.20078954445910122,0.5002248506727003
linkstate-lsa2-mpr,8,2382,519,1594,788,0.3308144416456759,0.32559598494353825,0.21788413098236775,0.9673987569946697,0.3521031207598372,0.12121636771300448,1075,0,0,0,43739,2.7168788604563217,1.9730250481695568,0.20134392092691591,0.4824385293464873
linkstate-lsa2-mpr,9,2375,676,1691,684,0.288,0.39976345357776466,0.2846315789473684,0.9549066071926401,0.3482740855229263,0.08242294186500196,1015,0,0,0,41103,2.628211227402474,1.9585798816568047,0.2026912075612486,0.45491796638290566
linkstate-lsa2-mpr,10,2388,630,1709,679,0.2843383584589615,0.36863662960795784,0.2638190954773869,0.958942054237591,0.34276387377584333,0.109375,1079,0,0,0,42928,2.7460247834192346,2.057142857142857,0.20674903419200744,0.47741341450085617
linkstate-lsa2-mpr,11,2390,517,1622,768,0.3213389121338912,0.3187422934648582,0.21631799163179916,0.968322235563803,0.35630599586492073,0.07535564365671642,1104,1,0,0,44354,2.6545533877703673,1.9574468085106382,0.20277802936115205,0.48814037891201606
linkstate-lsa2-mpr,12,2382,526,1648,734,0.30814441645675905,0.3191747572815534,0.22082283795130142,0.9663894366800995,0.3354591836734694,0.09795887961859355,1122,0,0,0,45084,2.758086739715242,2.102661596958175,0.20491310433253893,0.47100771837287647
linkstate-lsa2-mpr,13,2382,635,1696,686,0.2879932829554996,0.3744103773584906,0.2665827036104114,0.9604820691055993,0.3626499143346659,0.09009648127128264,1061,0,0,0,42558,2.645373438694876,1.9228346456692913,0.20345854558581686,0.48020090727015524
linkstate-lsa2-mpr,14,2378,727,1715,663,0.2788057190916737,0.4239067055393586,0.30571909167367534,0.9495686162352829,0.3435727788279773,0.09336792355902598,987,1,0,0,39842,2.721288267563263,2.0550206327372766,0.206211156510499,0.48245602416022043
linkstate-lsa2-mpr,15,2387,564,1675,712,0.29828236279849185,0.33671641791044776,0.23627984918307499,0.9638019049302777,0.3443223443223443,0.08556863697050612,1111,0,0,0,43613,2.661318451342867,2.019503546099291,0.2071178028899031,0.46627186892759087
linkstate-lsa2-mpr,16,2383,666,1722,661,0.27738145195132186,0.3867595818815331,0.2794796475031473,0.9537993782004389,0.32953983176645224,0.1040625,1056,0,0,0,41723,2.7521895929933025,2.129129129129129,0.21145273961891273,0.4825219726155334
linkstate-lsa2-mpr,17,2388,595,1662,726,0.30402010050251255,0.35800240673886885,0.24916247906197656,0.9601328903654485,0.33055555555555555,0.09334211847389558,1067,0,0,2,43348,2.7154203255215617,2.0403361344537814,0.2068093826201771,0.47163801371525366
linkstate-lsa2-mpr,18,2387,580,1680,707,0.2961876832844575,0.34523809523809523,0.24298282362798493,0.9622533094654026,0.3395784543325527,0.08950617283950617,1100,0,0,0,43541,2.709573796822119,2.060344827586207,0.1987466816113846,0.4742028801220714
linkstate-lsa2-mpr,19,2379,459,1626,753,0.31651954602774274,0.2822878228782288,0.19293820933165196,0.9709366274642525,0.33406113537117904,0.08212854279988549,1167,0,0,0,45902,2.6496028243601057,2.026143790849673,0.20261897315691854,0.46994403558485687
linkstate,0,2378,1109,1837,541,0.22750210260723297,0.6037016875340229,0.4663582842724979,0.8893031086525164,0.30119500271591526,0.11859440499615022,727,1,0,16,29564,3.097890809008389,2.4093778178539225,0.5199167232763718,1
linkstate,1,2384,889,1754,630,0.26426174496644295,0.5068415051311288,0.3729026845637584,0.919536631183469,0.28826199740596625,0.09866376631448105,865,0,0,47,35197,3.1485799701046338,2.4758155230596177,0.5188722856345934,1
linkstate,2,2380,847,1736,644,0.27058823529411763,0.4879032258064516,0.3558823529411765,0.925750640080689,0.2950191570881226,0.10730211817168339,889,0,0,17,35779,3.2153203342618384,2.489964580873672,0.5277954236625003,1
linkstate,3,2372,840,1747,625,0.26349072512647553,0.48082427017744706,0.35413153456998314,0.9278629856850715,0.297661233167966,0.1004112078033853,906,1,0,1,36297,3.1400388996943596,2.4714285714285715,0.5156019233218583,1
linkstate,4,2377,930,1748,629,0.26461926798485486,0.5320366132723112,0.3912494741270509,0.913268205558412,0.29017160686427457,0.11973426717478629,817,1,0,38,33710,3.209447959150904,2.531182795698925,0.5171745628938257,1
linkstate,5,2381,821,1738,643,0.27005459890802186,0.4723820483314154,0.34481310373792523,0.9287795485064227,0.29206688011383847,0.08877595155709345,913,4,0,31,36627,3.1456109780004358,2.48721071863581,0.5233123928224352,1
linkstate,6,2385,930,1792,593,0.24863731656184487,0.5189732142857143,0.389937106918239,0.912751677852349,0.2827607175433262,0.12695205853445451,860,2,0,6,34402,3.2229385816084153,2.6118279569892473,0.5137929802306572,1
linkstate,7,2385,673,1712,673,0.28218029350104823,0.39310747663551404,0.28218029350104823,0.9444585751612828,0.2801831806827644,0.09515326320551976,1039,0,0,0,40845,3.215900233826968,2.6300148588410104,0.5094208615484654,1
linkstate,8,2382,746,1668,714,0.29974811083123426,0.447242206235012,0.3131821998320739,0.9350210970464135,0.2849503437738732,0.1742339312406577,920,2,0,3,37669,3.191863153028202,2.5750670241286864,0.5139739365998709,1
linkstate,9,2375,889,1752,623,0.2623157894736842,0.507420091324201,0.3743157894736842,0.9216241237931491,0.3000337495781303,0.10839348419820524,860,3,0,30,34812,3.1000410424789657,2.4521934758155233,0.523469870822863,1
linkstate,10,2388,848,1791,597,0.25,0.4734785036292574,0.35510887772194305,0.929238685183335,0.2993293328626897,0.14722222222222223,943,0,0,3,37200,3.17605346203824,2.5129716981132075,0.5178136386849596,1
linkstate,11,2390,710,1675,715,0.29916317991631797,0.42388059701492536,0.29707112970711297,0.9408850408850409,0.28885272579332794,0.10348647388059701,960,5,0,0,39122,3.1713120891921123,2.4985915492957744,0.5133516892899647,1
linkstate,12,2382,721,1693,689,0.2892527287993283,0.4258712344949793,0.30268681780016793,0.9341748231417772,0.2653662127346338,0.1342744338498212,972,0,0,233,38326,3.303922761754087,2.638002773925104,0.5176180180241676,1
linkstate,13,2382,886,1769,613,0.2573467674223342,0.500847936687394,0.3719563392107473,0.9206984733810348,0.28859934853420194,0.12570942111237232,882,1,0,44,35599,3.193106557092826,2.5316027088036117,0.5168304180039573,1
linkstate,14,2378,957,1782,596,0.25063078216989065,0.5370370370370371,0.4024390243902439,0.910277369080704,0.290616459155785,0.12290660639062981,825,0,0,1,33408,3.182125161738252,2.543364681295716,0.5164569505750767,1
linkstate,15,2387,764,1738,649,0.271889400921659,0.43958573072497126,0.3200670297444491,0.935970466713933,0.2917143948071783,0.11591212525791963,974,0,0,41,38243,3.2064675640673443,2.524869109947644,0.5252925196564353,1
linkstate,16,2383,920,1781,602,0.2526227444397818,0.5165637282425604,0.3860679815358791,0.9121196083620006,0.27702499247214696,0.14375,861,0,0,36,34433,3.253271189366477,2.632608695652174,0.5149718372199995,1
linkstate,17,2388,774,1704,684,0.2864321608040201,0.45422535211267606,0.3241206030150754,0.9317106989872979,0.28063814358230604,0.12142319277108433,929,1,0,33,37596,3.2220887454013063,2.5400516795865635,0.5210067811883682,1
linkstate,18,2387,721,1715,672,0.28152492668621704,0.4204081632653061,0.3020527859237537,0.9422916815338138,0.29719703215169,0.11126543209876544,994,0,0,0,39613,3.111407520325203,2.4424410540915393,0.5183589216793283,1
linkstate,19,2379,652,1681,698,0.2934005884825557,0.38786436644854255,0.2740647330811265,0.9449973197846505,0.27627118644067794,0.11666189521900944,1029,0,0,1,40546,3.2485907553551296,2.6180981595092025,0.5218105022328794,1
linkstate-mpr,0,2378,1098,1822,556,0.23380992430613962,0.6026344676180022,0.46173254835996635,0.8884857571214393,0.2952406560903469,0.11741808537941655,723,1,0,42,29589,3.0963535377928038,2.4171220400728597,0.35321119034299736,0.47015747991620427
linkstate-mpr,1,2384,911,1755,629,0.2638422818791946,0.5190883190883191,0.3821308724832215,0.9148863487058205,0.28125964803951836,0.10110538932788776,843,1,0,36,34780,3.2168811752470097,2.5367727771679474,0.3567993102610245,0.48442242293487403
linkstate-mpr,2,2380,868,1742,638,0.2680672268907563,0.49827784156142363,0.36470588235294116,0.9209823532492014,0.2876076872100729,0.10996250126684907,873,1,0,20,35156,3.2522649764029072,2.5472350230414746,0.36391247240309643,0.45405888754319385
linkstate-mpr,3,2372,848,1744,628,0.26475548060708265,0.48623853211009177,0.357504215851602,0.9251365838573343,0.2919104991394148,0.10136750502056041,896,0,0,22,35877,3.1826387946246775,2.5117924528301887,0.3481236180400157,0.4821103898917593
linkstate-mpr,4,2377,929,1751,626,0.26335717290702565,0.5305539691604797,0.39082877576777453,0.9108706291804883,0.2834045149481391,0.11960552065094242,820,2,0,17,33483,3.251837426974056,2.5565123789020454,0.35301210319385085,0.4747261322567099
linkstate-mpr,5,2381,853,1749,632,0.26543469130617386,0.48770726129216696,0.3582528349433011,0.9232238251309711,0.28672268907563025,0.09223615916955018,891,5,0,2,35772,3.2040176211453746,2.536928487690504,0.35521918074640507,0.45406186432469087
linkstate-mpr,6,2385,918,1781,604,0.25324947589098534,0.5154407636159462,0.3849056603773585,0.9108312611962247,0.2752623688155922,0.12531396745659057,859,4,0,36,34030,3.2663201039688095,2.6263616557734206,0.364137190838848,0.49988848744368614
linkstate-mpr,7,2385,671,1708,677,0.28385744234800836,0.39285714285714285,0.2813417190775681,0.9442277328875267,0.2793505412156536,0.0948704897636014,1034,3,0,0,40666,3.224673611427012,2.6140089418777945,0.350502695877737,0.5001454916117473
linkstate-mpr,8,2382,746,1670,712,0.2989084802686818,0.4467065868263473,0.3131821998320739,0.9347885742796558,0.28538638102524866,0.1742339312406577,920,4,0,0,37471,3.2107501772236353,2.579088471849866,0.3533501671215682,0.48238092575744485
linkstate-mpr,9,2375,916,1762,613,0.2581052631578947,0.5198637911464246,0.3856842105263158,0.9142081788381966,0.28687754462887566,0.11168552477565355,841,5,0,25,34000,3.1885418352484223,2.521834061135371,0.3524296309432214,0.4548320927564786
linkstate-mpr,10,2388,868,1792,596,0.24958123953098826,0.484375,0.36348408710217756,0.9266602841882495,0.29817931982136725,0.15069444444444444,923,1,0,0,36781,3.2207692307692306,2.5506912442396312,0.35947091464717723,0.4773388931761651
linkstate-mpr,11,2390,743,1676,714,0.298744769874477,0.44331742243436756,0.3108786610878661,0.935642474499156,0.282402128468263,0.10829640858208954,932,1,0,0,38250,3.2068438867332616,2.6150740242261103,0.3542412830199252,0.488081131589995
linkstate-mpr,12,2382,711,1690,692,0.290512174643157,0.42071005917159765,0.29848866498740556,0.9370619299087855,0.2711670480549199,0.13241209773539928,979,0,0,82,38956,3.312020143647321,2.6258790436005626,0.3583613376876649,0.47093391327737266
linkstate-mpr,13,2382,894,1774,608,0.25524769101595296,0.503945885005637,0.37531486146095716,0.9206638280408351,0.2890397672162949,0.126844494892168,880,0,0,1,35892,3.1643239386371746,2.548098434004474,0.3574840982461267,0.4801253288073883
linkstate-mpr,14,2378,979,1784,594,0.24978973927670312,0.5487668161434978,0.41169049621530696,0.90748679370523,0.2926756352765321,0.1257320456180006,805,0,0,0,32812,3.275983399494767,2.5812053115423903,0.35773644211320627,0.4823980740701494
linkstate-mpr,15,2387,767,1729,658,0.2756598240469208,0.44360902255639095,0.3213238374528697,0.9331380320523867,0.28240058910162,0.11636727758223084,962,0,0,72,37833,3.2691884925899255,2.5567144719687094,0.3588460543875285,0.4662256422617387
linkstate-mpr,16,2383,953,1784,599,0.25136382710868654,0.5341928251121076,0.39991607217792696,0.9056486149509405,0.27377190462510775,0.14890625,830,1,0,53,33360,3.3533765336666557,2.708289611752361,0.36456996794823415,0.48243524957889294
linkstate-mpr,17,2388,797,1730,658,0.27554438860971525,0.46069364161849713,0.33375209380234505,0.9307069909714342,0.2837308650765397,0.12503137550200802,932,1,0,11,37718,3.201117746133823,2.564617314930991,0.3610848068684406,0.47156269196584744
linkstate-mpr,18,2387,739,1721,666,0.2790113112693758,0.42940151074956423,0.3095936321742773,0.9382939233976908,0.288671875,0.1140432098765432,982,0,0,1,38926,3.1737203724031384,2.499323410013532,0.34872206102653175,0.474134003030592
linkstate-mpr,19,2379,673,1686,693,0.29129886506935687,0.39916963226571767,0.2828919714165616,0.9394648513213256,0.2627879734478719,0.12041941024906958,1013,0,0,10,39735,3.317589576547231,2.7057949479940566,0.3533312232574454,0.46988324141028975
linkstate-lsa16,0,2378,1396,1857,521,0.21909167367535745,0.7517501346257405,0.5870479394449117,0.7446658070956204,0.2273985991203779,0.14928565317820175,459,2,0,398,17506,4.017656312759406,3.116045845272206,0.7137681096164011,1
linkstate-lsa16,1,2384,1195,1769,615,0.25796979865771813,0.6755228942905597,0.5012583892617449,0.7871773641959754,0.20213125845737484,0.13262452277368372,568,6,0,439,21428,4.2085860851586725,3.3623430962343095,0.7132258684509029,1
linkstate-lsa16,2,2380,1051,1732,648,0.2722689075630252,0.6068129330254042,0.44159663865546217,0.8356088138034902,0.2093208524198367,0.13314583966757879,679,2,0,526,24996,4.145979058956423,3.2340627973358704,0.7223120318838984,1
linkstate-lsa16,3,2372,1075,1763,609,0.25674536256323777,0.6097560975609756,0.45320404721753793,0.8337508832787306,0.20768933539412673,0.1285024385579038,687,1,0,414,25544,4.141106049602782,3.3227906976744186,0.7077239077850339,1
linkstate-lsa16,4,2377,1175,1763,614,0.2583087925957089,0.6664775950085082,0.4943205721497686,0.7810952738184547,0.20133653187114461,0.15127716551653106,586,2,0,810,20014,4.193641780450903,3.26468085106383,0.7102493851638021,1
linkstate-lsa16,5,2381,989,1739,642,0.2696346073078538,0.5687176538240368,0.4153716925661487,0.8537128169764598,0.21191343475466037,0.10694204152249137,743,7,0,496,26740,4.103336630991996,3.0748230535894843,0.7185596985599673,1
linkstate-lsa16,6,2384,1247,1807,577,0.24203020134228187,0.6900940785832872,0.5230704697986577,0.7624750499001995,0.19771682257808784,0.17022496450802665,555,5,0,534,19712,4.342261300035096,3.4819566960705695,0.7062865031338075,1
linkstate-lsa16,7,2383,909,1732,651,0.273185060847671,0.5248267898383372,0.3814519513218632,0.8650355846457256,0.19250317662007624,0.12852052935188327,820,3,0,281,29984,4.378751329338832,3.536853685368537,0.70022546446988,1
linkstate-lsa16,8,2382,987,1679,703,0.2951301427371956,0.5878499106611078,0.41435768261964734,0.823374050841862,0.1844859813084112,0.23052130044843047,687,5,0,750,24190,4.396537067692721,3.50354609929078,0.7084511759574174,1
linkstate-lsa16,9,2375,1160,1792,583,0.24547368421052632,0.6473214285714286,0.4884210526315789,0.798588335947526,0.20530973451327433,0.14143581740148264,626,6,0,416,21986,4.200474240137961,3.252586206896552,0.719329797913164,1
linkstate-lsa16,10,2388,1203,1864,524,0.21943048576214405,0.6453862660944206,0.5037688442211056,0.8167419333726029,0.21482142857142858,0.20885416666666665,657,4,0,266,24692,4.222530389374011,3.4945968412302575,0.7105127084270749,1
linkstate-lsa16,11,2390,994,1705,685,0.28661087866108786,0.5829912023460411,0.41589958158995816,0.846424959391952,0.1983636000798244,0.1448810634328358,708,3,0,354,27264,4.32338178891046,3.5291750503018107,0.7067837700496351,1
linkstate-lsa16,12,2382,934,1694,688,0.28883291351805207,0.551357733175915,0.39210747271200674,0.8442226726960861,0.18698698698698699,0.1739421930870083,760,0,0,854,26216,4.313814770968036,3.404710920770878,0.7130040040474996,1
linkstate-lsa16,13,2382,1130,1775,607,0.25482787573467675,0.6366197183098592,0.47439126784214947,0.8104026265768101,0.20597885526795479,0.16032917139614078,645,0,0,688,22761,4.230930073585588,3.308849557522124,0.7125022460977231,1
linkstate-lsa16,14,2378,1227,1821,557,0.23423044575273338,0.6738056013179572,0.5159798149705634,0.7976092185088128,0.21763036537779354,0.15758245145381689,592,2,0,412,21807,4.137436778318542,3.26079869600652,0.7099054201963652,1
linkstate-lsa16,15,2387,984,1718,669,0.2802681189777964,0.5727590221187427,0.4122329283619606,0.8164487473799781,0.178357803153888,0.14928996237407452,734,0,0,989,23551,4.498510468677884,3.438008130081301,0.7192134170586875,1
linkstate-lsa16,16,2383,1235,1802,581,0.24381032312211498,0.6853496115427303,0.5182543013008812,0.7625716345971384,0.19741048593350383,0.19296875,567,0,0,768,19325,4.333171975945337,3.4785425101214575,0.7103678350158139,1
linkstate-lsa16,17,2387,1020,1736,651,0.2727272727272727,0.5875576036866359,0.427314620863008,0.8132108486439196,0.18375067555395425,0.16001506024096382,713,3,0,820,23347,4.359752872225631,3.3627450980392157,0.7148028699701948,1
linkstate-lsa16,18,2385,956,1721,664,0.27840670859538785,0.5554909936083672,0.4008385744234801,0.8540419614245117,0.1980115990057995,0.1475308641975309,763,2,0,661,27589,4.174041443126446,3.3546025104602513,0.7117885487671242,1
linkstate-lsa16,19,2378,875,1664,714,0.3002523128679563,0.5258413461538461,0.36795626576955426,0.8293901821862348,0.1622172784575454,0.156563126252505,787,2,0,996,25226,4.605404775771695,3.5942857142857143,0.714739553635706,1
linkstate-lsa16-mpr,0,2378,1408,1855,523,0.219932716568545,0.7590296495956873,0.592094196804037,0.7224578104716572,0.21951980043654507,0.1505689109419112,445,2,0,437,16259,4.093511701288456,3.1661931818181817,0.5217528823229858,0.4701490395733913
linkstate-lsa16-mpr,1,2384,1199,1754,630,0.26426174496644295,0.6835803876852907,0.5029362416107382,0.758461421973196,0.1879310344827586,0.1330684542306668,546,9,0,660,19374,4.438013517698712,3.445371142618849,0.5282475831691104,0.4844174365145587
linkstate-lsa16-mpr,2,2380,1055,1737,643,0.27016806722689074,0.6073690270581462,0.4432773109243697,0.8245520192564857,0.20102896341463414,0.13365257930475322,680,2,0,689,23975,4.277546950307462,3.2748815165876777,0.5317771155574477,0.4540540365730807
linkstate-lsa16-mpr,3,2371,1088,1757,614,0.25896246309574017,0.6192373363688105,0.4588781105018979,0.8056833282224267,0.19077678414869367,0.13005642153581334,669,0,0,493,23153,4.278324133409471,3.40625,0.5135169303127862,0.4821017237046217
linkstate-lsa16-mpr,4,2377,1180,1765,612,0.25746739587715606,0.6685552407932012,0.49642406394615063,0.7662050506225998,0.195785631325701,0.15192089813575035,583,2,0,998,18754,4.3291900992226955,3.330508474576271,0.5185177931445747,0.47471786579901926
linkstate-lsa16-mpr,5,2381,1011,1742,639,0.26837463250734983,0.5803673938002296,0.4246115077698446,0.8343212515790497,0.19765395894428153,0.10932093425605537,725,6,0,524,25234,4.251918570906511,3.192878338278932,0.5232071717348085,0.4540570210842401
linkstate-lsa16-mpr,6,2383,1273,1814,569,0.23877465379773394,0.7017640573318633,0.5342005874947545,0.7197824335213537,0.18303378864126527,0.1737741618433985,536,5,0,629,17236,4.5209105439727395,3.5530243519245874,0.5313111246400926,0.49987133166579173
linkstate-lsa16-mpr,7,2382,909,1730,652,0.27371956339210746,0.5254335260115607,0.38161209068010077,0.8599549731570744,0.18734542456718878,0.12852052935188327,815,6,0,314,29480,4.450081251269551,3.55995599559956,0.5150935672047237,0.5001384374729959
linkstate-lsa16-mpr,8,2382,1008,1700,682,0.2863140218303946,0.5929411764705882,0.42317380352644834,0.7966779240471431,0.17084745762711864,0.23542600896860985,682,10,0,695,22423,4.536857941113261,3.632936507936508,0.5246865047428411,0.4823690661949949
linkstate-lsa16-mpr,9,2375,1194,1796,579,0.24378947368421053,0.6648106904231625,0.5027368421052631,0.7696098562628337,0.19348565872630044,0.14558134998049163,597,5,0,704,19910,4.394016385897082,3.373534338358459,0.5214370079621107,0.45482399147096664
linkstate-lsa16-mpr,10,2388,1215,1863,525,0.2198492462311558,0.6521739130434783,0.5087939698492462,0.7949625595643295,0.20169322709163345,0.2109375,640,8,0,330,23026,4.374216988223503,3.5843621399176953,0.5243977304126212,0.4773322690584148
linkstate-lsa16-mpr,11,2390,993,1690,700,0.2928870292887029,0.5875739644970415,0.41548117154811715,0.8322473006579154,0.1863389003565397,0.1447353078358209,694,3,0,453,25985,4.440565864413007,3.5891238670694863,0.5218294889128142,0.48807943880936583
linkstate-lsa16-mpr,12,2382,924,1684,698,0.29303106633081444,0.5486935866983373,0.3879093198992443,0.8297340595962832,0.17388031614602936,0.1720798569725864,760,0,0,998,24898,4.436070811177488,3.411255411255411,0.5286726949528288,0.4709306330509058
linkstate-lsa16-mpr,13,2382,1154,1776,606,0.25440806045340053,0.6497747747747747,0.48446683459277917,0.7915785701487189,0.19841815680880331,0.1637343927355278,621,1,0,770,21319,4.332571584827532,3.3916811091854417,0.5297230661722718,0.48011875676714766
linkstate-lsa16-mpr,14,2377,1243,1830,547,0.23012200252419016,0.6792349726775956,0.5229280605805637,0.7863672932055876,0.2127695994522424,0.1596373163464502,586,1,0,405,21099,4.210376741142376,3.3057119871279164,0.523024328371724,0.48238317261841684
linkstate-lsa16-mpr,15,2387,997,1709,678,0.28403854210305823,0.5833820947922762,0.4176790950984499,0.7981686247408432,0.1706899503509673,0.1512622891127564,711,1,0,981,22118,4.657609571382533,3.517552657973922,0.5269532173934693,0.4662190384523312
linkstate-lsa16-mpr,16,2382,1256,1793,589,0.24727120067170444,0.7005019520356943,0.5272879932829555,0.7264089654052298,0.18640546156129414,0.19625,532,5,0,823,17067,4.521783359057107,3.546974522292994,0.5319771917640304,0.4824235753239606
linkstate-lsa16-mpr,17,2387,1012,1727,660,0.2764976958525346,0.5859872611464968,0.423963133640553,0.7982955525652969,0.17310981867943892,0.15876004016064255,709,6,0,934,22203,4.455405070608638,3.3952569169960474,0.5295919135283244,0.47155599669923354
linkstate-lsa16-mpr,18,2386,967,1716,670,0.2808046940486169,0.5635198135198135,0.4052808046940486,0.8307346136781391,0.18105223740872495,0.1492283950617284,748,1,0,786,25427,4.3699761678891225,3.4353671147880043,0.5161450557308547,0.4741357691098607
linkstate-lsa16-mpr,19,2376,872,1660,716,0.30134680134680136,0.5253012048192771,0.367003367003367,0.8177985194721596,0.15403638933050698,0.15602633839106786,785,3,0,1029,24380,4.760446499041605,3.6009174311926606,0.5199002036555272,0.4698798639561471
