n,seed,meanDegree,groundedPct
100,0,0.53,8
100,1,0.66,5
100,2,0.45,3
100,3,0.62,2
100,4,0.31,1
100,5,0.65,8
100,6,0.32,0
100,7,0.46,0
100,8,0.63,6
100,9,0.58,3
100,10,0.42,0
100,11,0.44,4
100,12,0.51,2
100,13,0.64,7
100,14,0.52,4
100,15,0.69,1
100,16,0.49,2
100,17,0.58,2
100,18,0.44,2
100,19,0.54,4
100,20,0.57,3
100,21,0.5,2
100,22,0.46,0
100,23,0.62,4
100,24,0.47,1
100,25,0.54,3
100,26,0.45,5
100,27,0.6,0
100,28,0.46,3
100,29,0.37,2
100,30,0.42,0
100,31,0.71,7
100,32,0.57,2
100,33,0.6,3
100,34,0.44,0
200,0,0.975,6.5
200,1,0.965,5
200,2,1.045,8.5
200,3,0.98,1.5
200,4,0.805,9
200,5,1.08,8
200,6,0.96,1.5
200,7,1.07,0
200,8,1.08,6
200,9,1.155,4.5
200,10,1.03,2
200,11,0.85,2
200,12,0.985,2.5
200,13,1.12,10.5
200,14,1.025,4.5
200,15,1.115,2.5
200,16,0.9,0
200,17,1.005,3.5
200,18,0.815,0.5
200,19,1.08,3
200,20,1.225,7.5
200,21,1.1,1.5
200,22,1,2
200,23,1.19,5.5
200,24,1.01,8
200,25,1.11,4.5
200,26,1.11,9.5
200,27,0.985,4
200,28,0.905,4.5
200,29,0.965,5
200,30,1.25,1
200,31,1.21,8
200,32,1.005,2.5
200,33,0.93,1.5
200,34,1.04,0
400,0,2.11,14
400,1,1.9425,8.5
400,2,2.0175,20
400,3,1.9425,8
400,4,2.0325,12.75
400,5,2.2375,18.5
400,6,2.025,9
400,7,2.05,5.5
400,8,2.0725,14.25
400,9,2.18,29.25
400,10,2.1625,9
400,11,1.9775,1.75
400,12,2.09,2.25
400,13,2.2075,22.25
400,14,2.2125,22.75
400,15,2.2425,11.25
400,16,1.8025,2.5
400,17,2.09,7.25
400,18,1.795,4.75
400,19,2.1225,1.75
400,20,2.085,11
400,21,1.9775,10.25
400,22,1.945,1.75
400,23,2.2225,14.25
400,24,2.115,8.75
400,25,2.0775,17.25
400,26,2.1425,12.25
400,27,2.0875,9
400,28,1.9825,4.75
400,29,2.1825,13.75
400,30,2.3025,5.25
400,31,2.2,26.75
400,32,1.9875,6.75
400,33,1.98,12
400,34,2.19,5
600,0,3.06,45.666666666666664
600,1,3.025,35.666666666666664
600,2,3.0483333333333333,35.833333333333336
600,3,2.9133333333333336,23.666666666666668
600,4,3.1016666666666666,26
600,5,3.3383333333333334,54.666666666666664
600,6,2.881666666666667,28.333333333333332
600,7,3.0383333333333336,22.833333333333332
600,8,3.0483333333333333,30.166666666666668
600,9,3.365,45.666666666666664
600,10,3.175,38.333333333333336
600,11,3.138333333333333,14.166666666666666
600,12,3.185,27.833333333333332
600,13,3.2066666666666666,40.166666666666664
600,14,3.07,39.333333333333336
600,15,3.256666666666667,34.666666666666664
600,16,2.92,3.8333333333333335
600,17,3.033333333333333,27.833333333333332
600,18,2.975,3.3333333333333335
600,19,2.9766666666666666,17.5
600,20,3.03,19.166666666666668
600,21,2.8933333333333335,41.833333333333336
600,22,3.3033333333333332,4.833333333333333
600,23,3.4583333333333335,50.5
600,24,3.125,32.166666666666664
600,25,3.1016666666666666,57
600,26,3.1416666666666666,42.833333333333336
600,27,3.3033333333333332,50.833333333333336
600,28,3.025,10.833333333333334
600,29,3.111666666666667,19.666666666666668
600,30,3.263333333333333,12.333333333333334
600,31,3.171666666666667,45.833333333333336
600,32,3.0233333333333334,14.5
600,33,3.0316666666666667,30.333333333333332
600,34,3.08,19.333333333333332
800,0,4.095,61
800,1,4.16,78.5
800,2,4.1475,77.875
800,3,3.9625,34.25
800,4,4.0175,91.75
800,5,4.295,81.5
800,6,3.8675,80.625
800,7,3.8375,85
800,8,4.19375,83.625
800,9,4.44,86.125
800,10,4.22,93.375
800,11,3.99625,86.875
800,12,4.21625,79.25
800,13,4.22,53.5
800,14,4.21625,74.75
800,15,4.275,81.5
800,16,4.08875,85.375
800,17,4.255,74.5
800,18,3.98,75.875
800,19,4.1225,67.5
800,20,4.1275,40.375
800,21,4.02375,87.75
800,22,4.31875,51.875
800,23,4.3225,88.5
800,24,4.135,76.375
800,25,4.08375,79.875
800,26,4.32,80.25
800,27,4.43,84.5
800,28,3.955,82.625
800,29,4.13125,76.5
800,30,4.3325,78
800,31,4.21375,89.875
800,32,4.08625,78.125
800,33,4.19875,91.375
800,34,4.1675,72.375
1200,0,6.1875,97.75
1200,1,6.265,98.16666666666667
1200,2,6.428333333333334,97.58333333333333
1200,3,5.956666666666667,98.5
1200,4,6.3025,99
1200,5,6.465833333333333,99.5
1200,6,6.035833333333334,97.25
1200,7,5.869166666666667,99
1200,8,6.19,98.83333333333333
1200,9,6.453333333333333,98.16666666666667
1200,10,6.3,98.25
1200,11,6.1375,99
1200,12,6.320833333333334,98.16666666666667
1200,13,6.343333333333334,97.91666666666667
1200,14,6.285,98.25
1200,15,6.291666666666667,98.75
1200,16,6.226666666666667,98.08333333333333
1200,17,6.256666666666667,97.75
1200,18,5.888333333333334,96.41666666666667
1200,19,6.153333333333333,99.08333333333333
1200,20,6.09,98.66666666666667
1200,21,5.9558333333333335,97.25
1200,22,6.31,99.25
1200,23,6.364166666666667,99.08333333333333
1200,24,6.213333333333333,98.75
1200,25,6.120833333333334,98.08333333333333
1200,26,6.371666666666667,97.91666666666667
1200,27,6.401666666666666,97.5
1200,28,5.908333333333333,98.33333333333333
1200,29,5.9575,97.5
1200,30,6.2525,98.33333333333333
1200,31,6.265,97.83333333333333
1200,32,6.151666666666666,98.25
1200,33,6.219166666666666,98.91666666666667
1200,34,6.219166666666666,97.16666666666667
1600,0,8.09875,99.875
1600,1,8.190625,99.1875
1600,2,8.29375,99.6875
1600,3,8.14375,99.625
1600,4,8.464375,99.9375
1600,5,8.51125,99.6875
1600,6,7.9825,99.5
1600,7,7.7875,99.6875
1600,8,8.315,99.8125
1600,9,8.53,99.6875
1600,10,8.37125,99.8125
1600,11,8.13875,99.75
1600,12,8.316875,99.4375
1600,13,8.483125,99.75
1600,14,8.251875,99.875
1600,15,8.355625,99.5
1600,16,8.32,98.625
1600,17,8.330625,99.5625
1600,18,7.85875,99.3125
1600,19,8.16375,100
1600,20,8.1825,99.8125
1600,21,8.056875,99.4375
1600,22,8.17375,99.5
1600,23,8.45875,99.75
1600,24,8.2125,99.75
1600,25,8.228125,99.5
1600,26,8.460625,99.625
1600,27,8.49375,99.375
1600,28,7.985625,99.6875
1600,29,7.90125,99.3125
1600,30,8.275,99.75
1600,31,8.471875,99.6875
1600,32,8.189375,99.5625
1600,33,8.29,100
1600,34,8.340625,99.75
2000,0,10.149,99.9
2000,1,10.2725,99.8
2000,2,10.415,99.75
2000,3,10.149,99.8
2000,4,10.5845,99.9
2000,5,10.643,99.95
2000,6,10.184,99.9
2000,7,9.7635,99.95
2000,8,10.3705,99.95
2000,9,10.599,99.9
2000,10,10.3945,99.8
2000,11,10.272,99.95
2000,12,10.357,99.9
2000,13,10.418,99.95
2000,14,10.519,99.95
2000,15,10.474,99.8
2000,16,10.392,99.7
2000,17,10.36,99.75
2000,18,9.8435,99.9
2000,19,10.2415,99.95
2000,20,10.219,99.95
2000,21,10.073,99.8
2000,22,10.257,99.85
2000,23,10.4865,99.8
2000,24,10.3225,99.95
2000,25,10.312,99.85
2000,26,10.3825,99.9
2000,27,10.581,99.9
2000,28,10.0005,99.9
2000,29,9.9825,99.95
2000,30,10.394,99.95
2000,31,10.3975,99.8
2000,32,10.3105,99.9
2000,33,10.2975,99.9
2000,34,10.4755,99.8
3000,0,15.584666666666667,99.96666666666667
3000,1,15.327,99.93333333333334
3000,2,15.518,100
3000,3,15.295666666666667,100
3000,4,15.867333333333333,100
3000,5,15.664,100
3000,6,15.161,100
3000,7,14.999666666666666,100
3000,8,15.434666666666667,100
3000,9,15.638333333333334,100
3000,10,15.624,100
3000,11,15.436333333333334,100
3000,12,15.489,100
3000,13,15.404,100
3000,14,15.695333333333334,100
3000,15,15.786,100
3000,16,15.592,100
3000,17,15.366,100
3000,18,15.133,100
3000,19,15.48,100
3000,20,15.013333333333334,99.96666666666667
3000,21,15.357666666666667,100
3000,22,15.253666666666666,100
3000,23,15.533333333333333,100
3000,24,15.346,99.96666666666667
3000,25,15.694333333333333,100
3000,26,15.545333333333334,99.96666666666667
3000,27,15.750333333333334,100
3000,28,15.281,100
3000,29,15.309333333333333,100
3000,30,15.455,100
3000,31,15.606666666666667,100
3000,32,15.510666666666667,99.96666666666667
3000,33,15.454666666666666,100
3000,34,15.499666666666666,99.96666666666667
